instrument_token,exchange_token,tradingsymbol,name,last_price,expiry,strike,tick_size,lot_size,instrument_type,segment,exchange,signal_3_1d,signal_3_7d,signal_3_31d
1793,7,AARTIIND,AARTI INDUSTRIES,0,,0,0.05,1,EQ,NSE,NSE,0,0,0
4879617,19061,MANAPPURAM,MANAPPURAM FINANCE,0,,0,0.05,1,EQ,NSE,NSE,0,0,0
2815745,10999,MARUTI,MARUTI SUZUKI INDIA.,0,,0,0.05,1,EQ,NSE,NSE,0,0,0
548353,2142,MFSL,MAX FINANCIAL SERV,0,,0,0.05,1,EQ,NSE,NSE,0,0,0
2452737,9581,METROPOLIS,METROPOLIS HEALTHCARE,0,,0,0.05,1,EQ,NSE,NSE,0,0,0
1152769,4503,MPHASIS,MPHASIS,0,,0,0.05,1,EQ,NSE,NSE,0,0,0
582913,2277,MRF,MRF,0,,0,0.05,1,EQ,NSE,NSE,0,0,0
7982337,31181,MCX,MULTI COMMODITY EXCHANGE,0,,0,0.05,1,EQ,NSE,NSE,0,0,0
6054401,23650,MUTHOOTFIN,MUTHOOT FINANCE,0,,0,0.05,1,EQ,NSE,NSE,0,0,0
1629185,6364,NATIONALUM,NATIONAL ALUMINIUM CO,0,,0,0.05,1,EQ,NSE,NSE,0,0,0
3756033,14672,NAVINFLUOR,NAVIN FLUORINE INT.,0,,0,0.05,1,EQ,NSE,NSE,0,0,0
4598529,17963,NESTLEIND,NESTLE INDIA,0,,0,0.05,1,EQ,NSE,NSE,0,0,0
3924993,15332,NMDC,NMDC.,0,,0,0.05,1,EQ,NSE,NSE,0,0,0
2977281,11630,NTPC,NTPC,0,,0,0.05,1,EQ,NSE,NSE,0,0,0
5181953,20242,OBEROIRLTY,OBEROI REALTY,0,,0,0.05,1,EQ,NSE,NSE,0,0,0
633601,2475,ONGC,OIL AND NATURAL GAS CORP.,0,,0,0.05,1,EQ,NSE,NSE,0,0,0
2748929,10738,OFSS,ORACLE FIN SERV SOFT.,0,,0,0.05,1,EQ,NSE,NSE,0,0,0
3689729,14413,PAGEIND,PAGE INDUSTRIES,0,,0,0.05,1,EQ,NSE,NSE,0,0,0
4701441,18365,PERSISTENT,PERSISTENT SYSTEMS,0,,0,0.05,1,EQ,NSE,NSE,0,0,0
2905857,11351,PETRONET,PETRONET LNG,0,,0,0.05,1,EQ,NSE,NSE,0,0,0
6191105,24184,PIIND,PI INDUSTRIES,0,,0,0.05,1,EQ,NSE,NSE,0,0,0
1041153,4067,MARICO,MARICO,0,,0,0.05,1,EQ,NSE,NSE,0,0,0
519937,2031,M&M,MAHINDRA & MAHINDRA,0,,0,0.05,1,EQ,NSE,NSE,0,0,0
617473,2412,PEL,PIRAMAL ENTERPRISES,0,,0,0.05,1,EQ,NSE,NSE,0,0,0
4488705,17534,MGL,MAHANAGAR GAS.,0,,0,0.05,1,EQ,NSE,NSE,0,0,0
1346049,5258,INDUSINDBK,INDUSIND BANK,0,,0,0.05,1,EQ,NSE,NSE,0,0,0
3520257,13751,NAUKRI,INFO EDGE (I),0,,0,0.05,1,EQ,NSE,NSE,0,0,0
408065,1594,INFY,INFOSYS,0,,0,0.05,1,EQ,NSE,NSE,0,0,0
2865921,11195,INDIGO,INTERGLOBE AVIATION,0,,0,0.05,1,EQ,NSE,NSE,0,0,0
418049,1633,IPCALAB,IPCA LABORATORIES,0,,0,0.05,1,EQ,NSE,NSE,0,0,0
424961,1660,ITC,ITC,0,,0,0.05,1,EQ,NSE,NSE,0,0,0
1723649,6733,JINDALSTEL,JINDAL STEEL & POWER,0,,0,0.05,1,EQ,NSE,NSE,0,0,0
3397121,13270,JKCEMENT,JK CEMENT,0,,0,0.05,1,EQ,NSE,NSE,0,0,0
3001089,11723,JSWSTEEL,JSW STEEL,0,,0,0.05,1,EQ,NSE,NSE,0,0,0
4632577,18096,JUBLFOOD,JUBILANT FOODWORKS,0,,0,0.05,1,EQ,NSE,NSE,0,0,0
492033,1922,KOTAKBANK,KOTAK MAHINDRA BANK,0,,0,0.05,1,EQ,NSE,NSE,0,0,0
6386689,24948,L&TFH,L&T FINANCE HOLDINGS,0,,0,0.05,1,EQ,NSE,NSE,0,0,0
4752385,18564,LTTS,L&T TECHNOLOGY SER..,0,,0,0.05,1,EQ,NSE,NSE,0,0,0
2939649,11483,LT,LARSEN & TOUBRO.,0,,0,0.05,1,EQ,NSE,NSE,0,0,0
4923905,19234,LAURUSLABS,LAURUS LABS,0,,0,0.05,1,EQ,NSE,NSE,0,0,0
511233,1997,LICHSGFIN,LIC HOUSING FINANCE,0,,0,0.05,1,EQ,NSE,NSE,0,0,0
4561409,17818,LTIM,LTIMINDTREE,0,,0,0.05,1,EQ,NSE,NSE,0,0,0
2672641,10440,LUPIN,LUPIN,0,,0,0.05,1,EQ,NSE,NSE,0,0,0
3400961,13285,M&MFIN,M&M FIN. SERVICES,0,,0,0.05,1,EQ,NSE,NSE,0,0,0
681985,2664,PIDILITIND,PIDILITE INDUSTRIES,0,,0,0.05,1,EQ,NSE,NSE,0,0,0
2455041,9590,POLYCAB,POLYCAB INDIA,0,,0,0.05,1,EQ,NSE,NSE,0,0,0
3329,13,ABB,ABB INDIA,0,,0,0.05,1,EQ,NSE,NSE,0,0,0
878593,3432,TATACONSUM,TATA CONSUMER PRODUCT,0,,0,0.05,1,EQ,NSE,NSE,0,0,0
877057,3426,TATAPOWER,TATA POWER CO,0,,0,0.05,1,EQ,NSE,NSE,0,0,0
895745,3499,TATASTEEL,TATA STEEL,0,,0,0.05,1,EQ,NSE,NSE,0,0,0
3465729,13538,TECHM,TECH MAHINDRA,0,,0,0.05,1,EQ,NSE,NSE,0,0,0
387841,1515,INDIACEM,THE INDIA CEMENTS,0,,0,0.05,1,EQ,NSE,NSE,0,0,0
387073,1512,INDHOTEL,THE INDIAN HOTELS CO.,0,,0,0.05,1,EQ,NSE,NSE,0,0,0
523009,2043,RAMCOCEM,THE RAMCO CEMENTS,0,,0,0.05,1,EQ,NSE,NSE,0,0,0
897537,3506,TITAN,TITAN COMPANY,0,,0,0.05,1,EQ,NSE,NSE,0,0,0
900609,3518,TORNTPHARM,TORRENT PHARMACEUTICALS L,0,,0,0.05,1,EQ,NSE,NSE,0,0,0
502785,1964,TRENT,TRENT,0,,0,0.05,1,EQ,NSE,NSE,0,0,0
2170625,8479,TVSMOTOR,TVS MOTOR COMPANY ,0,,0,0.05,1,EQ,NSE,NSE,0,0,0
2952193,11532,ULTRACEMCO,ULTRATECH CEMENT,0,,0,0.05,1,EQ,NSE,NSE,0,0,0
4278529,16713,UBL,UNITED BREWERIES,0,,0,0.05,1,EQ,NSE,NSE,0,0,0
2674433,10447,MCDOWELL-N,UNITED SPIRITS,0,,0,0.05,1,EQ,NSE,NSE,0,0,0
2889473,11287,UPL,UPL,0,,0,0.05,1,EQ,NSE,NSE,0,0,0
784129,3063,VEDL,VEDANTA,0,,0,0.05,1,EQ,NSE,NSE,0,0,0
3677697,14366,IDEA,VODAFONE IDEA,0,,0,0.05,1,EQ,NSE,NSE,0,0,0
951809,3718,VOLTAS,VOLTAS,0,,0,0.05,1,EQ,NSE,NSE,0,0,0
969473,3787,WIPRO,WIPRO,0,,0,0.05,1,EQ,NSE,NSE,0,0,0
975873,3812,ZEEL,ZEE ENTERTAINMENT ENT,0,,0,0.05,1,EQ,NSE,NSE,0,0,0
884737,3456,TATAMOTORS,TATA MOTORS,0,,0,0.05,1,EQ,NSE,NSE,0,0,0
2953217,11536,TCS,TATA CONSULTANCY SERV LT,0,,0,0.05,1,EQ,NSE,NSE,0,0,0
3660545,14299,PFC,POWER FIN CORP.,0,,0,0.05,1,EQ,NSE,NSE,0,0,0
952577,3721,TATACOMM,TATA COMMUNICATIONS,0,,0,0.05,1,EQ,NSE,NSE,0,0,0
3834113,14977,POWERGRID,POWER GRID CORP..,0,,0,0.05,1,EQ,NSE,NSE,0,0,0
2730497,10666,PNB,PUNJAB NATIONAL BANK,0,,0,0.05,1,EQ,NSE,NSE,0,0,0
3365633,13147,PVRINOX,PVR INOX,0,,0,0.05,1,EQ,NSE,NSE,0,0,0
4708097,18391,RBLBANK,RBL BANK,0,,0,0.05,1,EQ,NSE,NSE,0,0,0
3930881,15355,RECLTD,REC,0,,0,0.05,1,EQ,NSE,NSE,0,0,0
738561,2885,RELIANCE,RELIANCE INDUSTRIES,0,,0,0.05,1,EQ,NSE,NSE,0,0,0
1076225,4204,MOTHERSON,SAMVRDHNA MTHRSN INTL,0,,0,0.05,1,EQ,NSE,NSE,0,0,0
4600577,17971,SBICARD,SBI CARDS & PAY SER,0,,0,0.05,1,EQ,NSE,NSE,0,0,0
5582849,21808,SBILIFE,SBI LIFE INSURANCE CO,0,,0,0.05,1,EQ,NSE,NSE,0,0,0
794369,3103,SHREECEM,SHREE CEMENT,0,,0,0.05,1,EQ,NSE,NSE,0,0,0
1102337,4306,SHRIRAMFIN,SHRIRAM FINANCE,0,,0,0.05,1,EQ,NSE,NSE,0,0,0
806401,3150,SIEMENS,SIEMENS,0,,0,0.05,1,EQ,NSE,NSE,0,0,0
837889,3273,SRF,SRF,0,,0,0.05,1,EQ,NSE,NSE,0,0,0
779521,3045,SBIN,STATE BANK OF INDIA,0,,0,0.05,1,EQ,NSE,NSE,0,0,0
758529,2963,SAIL,STEEL AUTHORITY OF INDIA,0,,0,0.05,1,EQ,NSE,NSE,0,0,0
857857,3351,SUNPHARMA,SUN PHARMACEUTICAL IND L,0,,0,0.05,1,EQ,NSE,NSE,0,0,0
3431425,13404,SUNTV,SUN TV NETWORK,0,,0,0.05,1,EQ,NSE,NSE,0,0,0
2622209,10243,SYNGENE,SYNGENE INTERNATIONAL,0,,0,0.05,1,EQ,NSE,NSE,0,0,0
871681,3405,TATACHEM,TATA CHEMICALS,0,,0,0.05,1,EQ,NSE,NSE,0,0,0
7458561,29135,INDUSTOWER,INDUS TOWERS,0,,0,0.05,1,EQ,NSE,NSE,0,0,0
2883073,11262,IGL,INDRAPRASTHA GAS,0,,0,0.05,1,EQ,NSE,NSE,0,0,0
3484417,13611,IRCTC,INDIAN RAIL TOUR CORP,0,,0,0.05,1,EQ,NSE,NSE,0,0,0
87297,341,BALRAMCHIN,BALRAMPUR CHINI MILLS,0,,0,0.05,1,EQ,NSE,NSE,0,0,0
1195009,4668,BANKBARODA,BANK OF BARODA,0,,0,0.05,1,EQ,NSE,NSE,0,0,0
94977,371,BATAINDIA,BATA INDIA,0,,0,0.05,1,EQ,NSE,NSE,0,0,0
103425,404,BERGEPAINT,BERGER PAINTS (I),0,,0,0.05,1,EQ,NSE,NSE,0,0,0
98049,383,BEL,BHARAT ELECTRONICS,0,,0,0.05,1,EQ,NSE,NSE,0,0,0
108033,422,BHARATFORG,BHARAT FORGE,0,,0,0.05,1,EQ,NSE,NSE,0,0,0
134657,526,BPCL,BHARAT PETROLEUM CORP  LT,0,,0,0.05,1,EQ,NSE,NSE,0,0,0
2714625,10604,BHARTIARTL,BHARTI AIRTEL,0,,0,0.05,1,EQ,NSE,NSE,0,0,0
112129,438,BHEL,BHEL,0,,0,0.05,1,EQ,NSE,NSE,0,0,0
2911489,11373,BIOCON,BIOCON,0,,0,0.05,1,EQ,NSE,NSE,0,0,0
1790465,6994,BSOFT,BIRLASOFT,0,,0,0.05,1,EQ,NSE,NSE,0,0,0
558337,2181,BOSCHLTD,BOSCH,0,,0,0.05,1,EQ,NSE,NSE,0,0,0
140033,547,BRITANNIA,BRITANNIA INDUSTRIES,0,,0,0.05,1,EQ,NSE,NSE,0,0,0
149249,583,CANFINHOME,CAN FIN HOMES,0,,0,0.05,1,EQ,NSE,NSE,0,0,0
2763265,10794,CANBK,CANARA BANK,0,,0,0.05,1,EQ,NSE,NSE,0,0,0
163073,637,CHAMBLFERT,CHAMBAL FERTILIZERS,0,,0,0.05,1,EQ,NSE,NSE,0,0,0
175361,685,CHOLAFIN,CHOLAMANDALAM IN & FIN CO,0,,0,0.05,1,EQ,NSE,NSE,0,0,0
177665,694,CIPLA,CIPLA,0,,0,0.05,1,EQ,NSE,NSE,0,0,0
1459457,5701,CUB,CITY UNION BANK,0,,0,0.05,1,EQ,NSE,NSE,0,0,0
5215745,20374,COALINDIA,COAL INDIA,0,,0,0.05,1,EQ,NSE,NSE,0,0,0
579329,2263,BANDHANBNK,BANDHAN BANK,0,,0,0.05,1,EQ,NSE,NSE,0,0,0
85761,335,BALKRISIND,BALKRISHNA IND.,0,,0,0.05,1,EQ,NSE,NSE,0,0,0
415745,1624,IOC,INDIAN OIL CORP,0,,0,0.05,1,EQ,NSE,NSE,0,0,0
4268801,16675,BAJAJFINSV,BAJAJ FINSERV.,0,,0,0.05,1,EQ,NSE,NSE,0,0,0
4583169,17903,ABBOTINDIA,ABBOTT INDIA,0,,0,0.05,1,EQ,NSE,NSE,0,0,0
5633,22,ACC,ACC,0,,0,0.05,1,EQ,NSE,NSE,0,0,0
6401,25,ADANIENT,ADANI ENTERPRISES,0,,0,0.05,1,EQ,NSE,NSE,0,0,0
3861249,15083,ADANIPORTS,ADANI PORT & SEZ,0,,0,0.05,1,EQ,NSE,NSE,0,0,0
5533185,21614,ABCAPITAL,ADITYA BIRLA CAPITAL.,0,,0,0.05,1,EQ,NSE,NSE,0,0,0
7707649,30108,ABFRL,ADITYA BIRLA FASHION & RT,0,,0,0.05,1,EQ,NSE,NSE,0,0,0
2995969,11703,ALKEM,ALKEM LABORATORIES.,0,,0,0.05,1,EQ,NSE,NSE,0,0,0
325121,1270,AMBUJACEM,AMBUJA CEMENTS,0,,0,0.05,1,EQ,NSE,NSE,0,0,0
40193,157,APOLLOHOSP,APOLLO HOSPITALS ENTER. L,0,,0,0.05,1,EQ,NSE,NSE,0,0,0
41729,163,APOLLOTYRE,APOLLO TYRES,0,,0,0.05,1,EQ,NSE,NSE,0,0,0
54273,212,ASHOKLEY,ASHOK LEYLAND,0,,0,0.05,1,EQ,NSE,NSE,0,0,0
60417,236,ASIANPAINT,ASIAN PAINTS,0,,0,0.05,1,EQ,NSE,NSE,0,0,0
3691009,14418,ASTRAL,ASTRAL,0,,0,0.05,1,EQ,NSE,NSE,0,0,0
67329,263,ATUL,ATUL,0,,0,0.05,1,EQ,NSE,NSE,0,0,0
5436929,21238,AUBANK,AU SMALL FINANCE BANK,0,,0,0.05,1,EQ,NSE,NSE,0,0,0
70401,275,AUROPHARMA,AUROBINDO PHARMA,0,,0,0.05,1,EQ,NSE,NSE,0,0,0
1510401,5900,AXISBANK,AXIS BANK,0,,0,0.05,1,EQ,NSE,NSE,0,0,0
4267265,16669,BAJAJ-AUTO,BAJAJ AUTO,0,,0,0.05,1,EQ,NSE,NSE,0,0,0
81153,317,BAJFINANCE,BAJAJ FINANCE,0,,0,0.05,1,EQ,NSE,NSE,0,0,0
2955009,11543,COFORGE,COFORGE,0,,0,0.05,1,EQ,NSE,NSE,0,0,0
3876097,15141,COLPAL,COLGATE PALMOLIVE.,0,,0,0.05,1,EQ,NSE,NSE,0,0,0
1215745,4749,CONCOR,CONTAINER CORP OF IND,0,,0,0.05,1,EQ,NSE,NSE,0,0,0
189185,739,COROMANDEL,COROMANDEL INTERNTL.,0,,0,0.05,1,EQ,NSE,NSE,0,0,0
2713345,10599,GUJGASLTD,GUJARAT GAS,0,,0,0.05,1,EQ,NSE,NSE,0,0,0
2513665,9819,HAVELLS,HAVELLS INDIA,0,,0,0.05,1,EQ,NSE,NSE,0,0,0
1850625,7229,HCLTECH,HCL TECHNOLOGIES,0,,0,0.05,1,EQ,NSE,NSE,0,0,0
1086465,4244,HDFCAMC,HDFC AMC,0,,0,0.05,1,EQ,NSE,NSE,0,0,0
341249,1333,HDFCBANK,HDFC BANK,0,,0,0.05,1,EQ,NSE,NSE,0,0,0
119553,467,HDFCLIFE,HDFC LIFE INS CO,0,,0,0.05,1,EQ,NSE,NSE,0,0,0
345089,1348,HEROMOTOCO,HERO MOTOCORP,0,,0,0.05,1,EQ,NSE,NSE,0,0,0
348929,1363,HINDALCO,HINDALCO  INDUSTRIES ,0,,0,0.05,1,EQ,NSE,NSE,0,0,0
589569,2303,HAL,HINDUSTAN AERONAUTICS,0,,0,0.05,1,EQ,NSE,NSE,0,0,0
4592385,17939,HINDCOPPER,HINDUSTAN COPPER,0,,0,0.05,1,EQ,NSE,NSE,0,0,0
359937,1406,HINDPETRO,HINDUSTAN PETROLEUM CORP,0,,0,0.05,1,EQ,NSE,NSE,0,0,0
356865,1394,HINDUNILVR,HINDUSTAN UNILEVER.,0,,0,0.05,1,EQ,NSE,NSE,0,0,0
1270529,4963,ICICIBANK,ICICI BANK.,0,,0,0.05,1,EQ,NSE,NSE,0,0,0
5573121,21770,ICICIGI,ICICI LOMBARD GIC,0,,0,0.05,1,EQ,NSE,NSE,0,0,0
4774913,18652,ICICIPRULI,ICICI PRU LIFE INS CO,0,,0,0.05,1,EQ,NSE,NSE,0,0,0
3060993,11957,IDFC,IDFC,0,,0,0.05,1,EQ,NSE,NSE,0,0,0
2863105,11184,IDFCFIRSTB,IDFC FIRST BANK,0,,0,0.05,1,EQ,NSE,NSE,0,0,0
2745857,10726,INDIAMART,INDIAMART INTERMESH,0,,0,0.05,1,EQ,NSE,NSE,0,0,0
56321,220,IEX,INDIAN ENERGY EXC,0,,0,0.05,1,EQ,NSE,NSE,0,0,0
300545,1174,GNFC,GUJ NAR VAL FER & CHEM L,0,,0,0.05,1,EQ,NSE,NSE,0,0,0
315393,1232,GRASIM,GRASIM INDUSTRIES,0,,0,0.05,1,EQ,NSE,NSE,0,0,0
3039233,11872,GRANULES,GRANULES INDIA,0,,0,0.05,1,EQ,NSE,NSE,0,0,0
2983425,11654,LALPATHLAB,DR. LAL PATH LABS.,0,,0,0.05,1,EQ,NSE,NSE,0,0,0
4376065,17094,CROMPTON,CROMPT GREA CON ELEC,0,,0,0.05,1,EQ,NSE,NSE,0,0,0
486657,1901,CUMMINSIND,CUMMINS INDIA,0,,0,0.05,1,EQ,NSE,NSE,0,0,0
197633,772,DABUR,DABUR INDIA,0,,0,0.05,1,EQ,NSE,NSE,0,0,0
2067201,8075,DALBHARAT,DALMIA BHARAT,0,,0,0.05,1,EQ,NSE,NSE,0,0,0
5105409,19943,DEEPAKNTR,DEEPAK NITRITE,0,,0,0.05,1,EQ,NSE,NSE,0,0,0
2800641,10940,DIVISLAB,DIVI S LABORATORIES,0,,0,0.05,1,EQ,NSE,NSE,0,0,0
5552641,21690,DIXON,DIXON TECHNO (INDIA),0,,0,0.05,1,EQ,NSE,NSE,0,0,0
3771393,14732,DLF,DLF,0,,0,0.05,1,EQ,NSE,NSE,0,0,0
225537,881,DRREDDY,DR. REDDY S LABORATORIES,0,,0,0.05,1,EQ,NSE,NSE,0,0,0
4576001,17875,GODREJPROP,GODREJ PROPERTIES,0,,0,0.05,1,EQ,NSE,NSE,0,0,0
232961,910,EICHERMOT,EICHER MOTORS,0,,0,0.05,1,EQ,NSE,NSE,0,0,0
245249,958,ESCORTS,ESCORTS KUBOTA,0,,0,0.05,1,EQ,NSE,NSE,0,0,0
173057,676,EXIDEIND,EXIDE INDUSTRIES,0,,0,0.05,1,EQ,NSE,NSE,0,0,0
261889,1023,FEDERALBNK,FEDERAL BANK,0,,0,0.05,1,EQ,NSE,NSE,0,0,0
1207553,4717,GAIL,GAIL (INDIA),0,,0,0.05,1,EQ,NSE,NSE,0,0,0
1895937,7406,GLENMARK,GLENMARK PHARMACEUTICALS,0,,0,0.05,1,EQ,NSE,NSE,0,0,0
3463169,13528,GMRINFRA,GMR AIRPORTS INFRA,0,,0,0.05,1,EQ,NSE,NSE,0,0,0
2585345,10099,GODREJCP,GODREJ CONSUMER PRODUCTS,0,,0,0.05,1,EQ,NSE,NSE,0,0,0
2029825,7929,ZYDUSLIFE,ZYDUS LIFESCIENCES,0,,0,0.05,1,EQ,NSE,NSE,0,0,0
